{
  "format_version": "1.21.8",
  "credit": "Made with Blockbench",
  "texture_size": [
    32,
    32
  ],
  "elements": [
    {
      "from": [
        5.5,
        1,
        6.5
      ],
      "to": [
        10.5,
        9,
        6.5
      ],
      "rotation": {
        "angle": 22.5,
        "axis": "x",
        "origin": [
          8,
          0,
          8
        ]
      },
      "faces": {
        "north": {
          "uv": [
            0,
            4,
            2.5,
            8
          ],
          "texture": "#0"
        },
        "east": {
          "uv": [
            0,
            0,
            0,
            4
          ],
          "texture": "#0"
        },
        "south": {
          "uv": [
            2.5,
            4,
            5,
            8
          ],
          "texture": "#0"
        },
        "west": {
          "uv": [
            0,
            0,
            0,
            4
          ],
          "texture": "#0"
        },
        "up": {
          "uv": [
            2.5,
            0,
            0,
            0
          ],
          "texture": "#0"
        },
        "down": {
          "uv": [
            2.5,
            0,
            0,
            0
          ],
          "texture": "#0"
        }
      }
    },
    {
      "from": [
        5.5,
        1,
        7
      ],
      "to": [
        10.5,
        9,
        8
      ],
      "rotation": {
        "angle": 22.5,
        "axis": "x",
        "origin": [
          8,
          0,
          8
        ]
      },
      "faces": {
        "north": {
          "uv": [
            0,
            0,
            2.5,
            4
          ],
          "texture": "#0"
        },
        "east": {
          "uv": [
            0,
            8,
            0.5,
            12
          ],
          "texture": "#0"
        },
        "south": {
          "uv": [
            2.5,
            0,
            5,
            4
          ],
          "texture": "#0"
        },
        "west": {
          "uv": [
            0.5,
            8,
            1,
            12
          ],
          "texture": "#0"
        },
        "up": {
          "uv": [
            10.5,
            6.5,
            8,
            6
          ],
          "texture": "#0"
        },
        "down": {
          "uv": [
            10.5,
            6.5,
            8,
            7
          ],
          "texture": "#0"
        }
      }
    },
    {
      "from": [
        10.5,
        1,
        6
      ],
      "to": [
        11.5,
        9,
        8
      ],
      "rotation": {
        "angle": 22.5,
        "axis": "x",
        "origin": [
          8,
          0,
          8
        ]
      },
      "faces": {
        "north": {
          "uv": [
            1,
            8,
            1.5,
            12
          ],
          "texture": "#0"
        },
        "east": {
          "uv": [
            5,
            6,
            6,
            10
          ],
          "texture": "#0"
        },
        "south": {
          "uv": [
            1.5,
            8,
            2,
            12
          ],
          "texture": "#0"
        },
        "west": {
          "uv": [
            6,
            6,
            7,
            10
          ],
          "texture": "#0"
        },
        "up": {
          "uv": [
            7,
            5,
            6.5,
            4
          ],
          "texture": "#0"
        },
        "down": {
          "uv": [
            7,
            5,
            6.5,
            6
          ],
          "texture": "#0"
        }
      }
    },
    {
      "from": [
        4.5,
        1,
        6
      ],
      "to": [
        5.5,
        9,
        8
      ],
      "rotation": {
        "angle": 22.5,
        "axis": "x",
        "origin": [
          8,
          0,
          8
        ]
      },
      "faces": {
        "north": {
          "uv": [
            2,
            8,
            2.5,
            12
          ],
          "texture": "#0"
        },
        "east": {
          "uv": [
            6.5,
            0,
            7.5,
            4
          ],
          "texture": "#0"
        },
        "south": {
          "uv": [
            2.5,
            8,
            3,
            12
          ],
          "texture": "#0"
        },
        "west": {
          "uv": [
            7,
            4,
            8,
            8
          ],
          "texture": "#0"
        },
        "up": {
          "uv": [
            4.5,
            9,
            4,
            8
          ],
          "texture": "#0"
        },
        "down": {
          "uv": [
            5,
            8,
            4.5,
            9
          ],
          "texture": "#0"
        }
      }
    },
    {
      "from": [
        4.5,
        9,
        6
      ],
      "to": [
        11.5,
        10,
        8
      ],
      "rotation": {
        "angle": 22.5,
        "axis": "x",
        "origin": [
          8,
          0,
          8
        ]
      },
      "faces": {
        "north": {
          "uv": [
            8,
            4,
            11.5,
            4.5
          ],
          "texture": "#0"
        },
        "east": {
          "uv": [
            8,
            7.5,
            9,
            8
          ],
          "texture": "#0"
        },
        "south": {
          "uv": [
            8,
            4.5,
            11.5,
            5
          ],
          "texture": "#0"
        },
        "west": {
          "uv": [
            7,
            8.5,
            8,
            9
          ],
          "texture": "#0"
        },
        "up": {
          "uv": [
            11,
            1,
            7.5,
            0
          ],
          "texture": "#0"
        },
        "down": {
          "uv": [
            11,
            1,
            7.5,
            2
          ],
          "texture": "#0"
        }
      }
    },
    {
      "from": [
        4.5,
        0,
        6
      ],
      "to": [
        11.5,
        1,
        8
      ],
      "rotation": {
        "angle": 22.5,
        "axis": "x",
        "origin": [
          8,
          0,
          8
        ]
      },
      "faces": {
        "north": {
          "uv": [
            8,
            5,
            11.5,
            5.5
          ],
          "texture": "#0"
        },
        "east": {
          "uv": [
            8,
            8.5,
            9,
            9
          ],
          "texture": "#0"
        },
        "south": {
          "uv": [
            8,
            5.5,
            11.5,
            6
          ],
          "texture": "#0"
        },
        "west": {
          "uv": [
            8.5,
            8,
            9.5,
            8.5
          ],
          "texture": "#0"
        },
        "up": {
          "uv": [
            11,
            3,
            7.5,
            2
          ],
          "texture": "#0"
        },
        "down": {
          "uv": [
            11,
            3,
            7.5,
            4
          ],
          "texture": "#0"
        }
      }
    },
    {
      "from": [
        6.5,
        0,
        12
      ],
      "to": [
        9.5,
        6,
        13
      ],
      "rotation": {
        "angle": -22.5,
        "axis": "x",
        "origin": [
          7,
          0,
          12
        ]
      },
      "faces": {
        "north": {
          "uv": [
            5,
            0,
            6.5,
            3
          ],
          "texture": "#0"
        },
        "east": {
          "uv": [
            3,
            8,
            3.5,
            11
          ],
          "texture": "#0"
        },
        "south": {
          "uv": [
            5,
            3,
            6.5,
            6
          ],
          "texture": "#0"
        },
        "west": {
          "uv": [
            3.5,
            8,
            4,
            11
          ],
          "texture": "#0"
        },
        "up": {
          "uv": [
            8.5,
            8.5,
            7,
            8
          ],
          "texture": "#0"
        },
        "down": {
          "uv": [
            9.5,
            7,
            8,
            7.5
          ],
          "texture": "#0"
        }
      }
    }
  ],
  "gui_light": "front",
  "display": {
    "thirdperson_righthand": {
      "rotation": [
        0,
        -180,
        0
      ],
      "translation": [
        0,
        2.5,
        0
      ],
      "scale": [
        0.4,
        0.4,
        0.4
      ]
    },
    "thirdperson_lefthand": {
      "rotation": [
        0,
        -180,
        0
      ],
      "translation": [
        0,
        2.5,
        0
      ],
      "scale": [
        0.4,
        0.4,
        0.4
      ]
    },
    "firstperson_righthand": {
      "rotation": [
        0,
        -180,
        0
      ],
      "translation": [
        1.25,
        3.25,
        0
      ]
    },
    "firstperson_lefthand": {
      "rotation": [
        0,
        -180,
        0
      ],
      "translation": [
        1.25,
        3.25,
        0
      ]
    },
    "ground": {
      "translation": [
        0,
        3,
        0
      ],
      "scale": [
        0.5,
        0.5,
        0.5
      ]
    },
    "gui": {
      "rotation": [
        -146,
        45,
        -180
      ],
      "translation": [
        -0.25,
        1.5,
        0
      ]
    },
    "head": {
      "translation": [
        0,
        14.75,
        0
      ]
    },
    "fixed": {
      "translation": [
        0,
        3,
        -1.5
      ]
    }
  },
  "groups": [
    {
      "name": "group",
      "origin": [
        7,
        0,
        9
      ],
      "color": 0,
      "children": [
        0,
        1,
        2,
        3,
        4,
        5
      ]
    },
    {
      "name": "group",
      "origin": [
        7,
        0,
        9
      ],
      "color": 0,
      "children": [
        6
      ]
    }
  ]
}