{
  "format_version": "1.21.6",
  "credit": "Made with Blockbench",
  "texture_size": [
    64,
    64
  ],
  "elements": [
    {
      "from": [
        5,
        0,
        5
      ],
      "to": [
        11,
        3,
        11
      ],
      "rotation": {
        "angle": 0,
        "axis": "y",
        "origin": [
          5,
          0,
          5
        ]
      },
      "faces": {
        "north": {
          "uv": [
            3,
            5.5,
            4.5,
            6.25
          ],
          "texture": "#0"
        },
        "east": {
          "uv": [
            5.5,
            3,
            7,
            3.75
          ],
          "texture": "#0"
        },
        "south": {
          "uv": [
            4.5,
            5.5,
            6,
            6.25
          ],
          "texture": "#0"
        },
        "west": {
          "uv": [
            0,
            6,
            1.5,
            6.75
          ],
          "texture": "#0"
        },
        "up": {
          "uv": [
            4.5,
            5.5,
            3,
            4
          ],
          "texture": "#0"
        },
        "down": {
          "uv": [
            6,
            4,
            4.5,
            5.5
          ],
          "texture": "#0"
        }
      }
    },
    {
      "from": [
        5,
        7,
        5
      ],
      "to": [
        11,
        9,
        11
      ],
      "rotation": {
        "angle": 0,
        "axis": "y",
        "origin": [
          5,
          7,
          5
        ]
      },
      "faces": {
        "north": {
          "uv": [
            4.5,
            6.25,
            6,
            6.75
          ],
          "texture": "#0"
        },
        "east": {
          "uv": [
            0,
            6.75,
            1.5,
            7.25
          ],
          "texture": "#0"
        },
        "south": {
          "uv": [
            4.5,
            6.75,
            6,
            7.25
          ],
          "texture": "#0"
        },
        "west": {
          "uv": [
            6,
            6.75,
            7.5,
            7.25
          ],
          "texture": "#0"
        },
        "up": {
          "uv": [
            7,
            1.5,
            5.5,
            0
          ],
          "texture": "#0"
        },
        "down": {
          "uv": [
            7,
            1.5,
            5.5,
            3
          ],
          "texture": "#0"
        }
      }
    },
    {
      "from": [
        4,
        9,
        11
      ],
      "to": [
        12,
        17,
        12
      ],
      "rotation": {
        "angle": 0,
        "axis": "y",
        "origin": [
          5,
          9,
          5
        ]
      },
      "faces": {
        "north": {
          "uv": [
            0,
            0,
            2,
            2
          ],
          "texture": "#0"
        },
        "east": {
          "uv": [
            7,
            0,
            7.25,
            2
          ],
          "texture": "#0"
        },
        "south": {
          "uv": [
            0,
            2,
            2,
            4
          ],
          "texture": "#0"
        },
        "west": {
          "uv": [
            1.5,
            7,
            1.75,
            9
          ],
          "texture": "#0"
        },
        "up": {
          "uv": [
            9,
            2.25,
            7,
            2
          ],
          "texture": "#0"
        },
        "down": {
          "uv": [
            9,
            2.25,
            7,
            2.5
          ],
          "texture": "#0"
        }
      }
    },
    {
      "from": [
        4,
        9,
        4
      ],
      "to": [
        12,
        17,
        5
      ],
      "rotation": {
        "angle": 0,
        "axis": "y",
        "origin": [
          5,
          9,
          -2
        ]
      },
      "faces": {
        "north": {
          "uv": [
            2,
            0,
            4,
            2
          ],
          "texture": "#0"
        },
        "east": {
          "uv": [
            1.75,
            7,
            2,
            9
          ],
          "texture": "#0"
        },
        "south": {
          "uv": [
            2,
            2,
            4,
            4
          ],
          "texture": "#0"
        },
        "west": {
          "uv": [
            2,
            7,
            2.25,
            9
          ],
          "texture": "#0"
        },
        "up": {
          "uv": [
            9,
            2.75,
            7,
            2.5
          ],
          "texture": "#0"
        },
        "down": {
          "uv": [
            9,
            2.75,
            7,
            3
          ],
          "texture": "#0"
        }
      }
    },
    {
      "from": [
        11,
        9,
        5
      ],
      "to": [
        12,
        17,
        11
      ],
      "rotation": {
        "angle": 0,
        "axis": "y",
        "origin": [
          5,
          9,
          11
        ]
      },
      "faces": {
        "north": {
          "uv": [
            2.25,
            7,
            2.5,
            9
          ],
          "texture": "#0"
        },
        "east": {
          "uv": [
            0,
            4,
            1.5,
            6
          ],
          "texture": "#0"
        },
        "south": {
          "uv": [
            7,
            3,
            7.25,
            5
          ],
          "texture": "#0"
        },
        "west": {
          "uv": [
            4,
            0,
            5.5,
            2
          ],
          "texture": "#0"
        },
        "up": {
          "uv": [
            1.5,
            8.75,
            1.25,
            7.25
          ],
          "texture": "#0"
        },
        "down": {
          "uv": [
            4.75,
            7.25,
            4.5,
            8.75
          ],
          "texture": "#0"
        }
      }
    },
    {
      "from": [
        4,
        9,
        5
      ],
      "to": [
        5,
        17,
        11
      ],
      "rotation": {
        "angle": 0,
        "axis": "y",
        "origin": [
          -2,
          9,
          11
        ]
      },
      "faces": {
        "north": {
          "uv": [
            0,
            7.25,
            0.25,
            9.25
          ],
          "texture": "#0"
        },
        "east": {
          "uv": [
            1.5,
            4,
            3,
            6
          ],
          "texture": "#0"
        },
        "south": {
          "uv": [
            7.25,
            0,
            7.5,
            2
          ],
          "texture": "#0"
        },
        "west": {
          "uv": [
            4,
            2,
            5.5,
            4
          ],
          "texture": "#0"
        },
        "up": {
          "uv": [
            5,
            8.75,
            4.75,
            7.25
          ],
          "texture": "#0"
        },
        "down": {
          "uv": [
            5.25,
            7.25,
            5,
            8.75
          ],
          "texture": "#0"
        }
      }
    },
    {
      "from": [
        6,
        3,
        6
      ],
      "to": [
        10,
        7,
        10
      ],
      "rotation": {
        "angle": 0,
        "axis": "y",
        "origin": [
          5,
          3,
          5
        ]
      },
      "faces": {
        "north": {
          "uv": [
            1.5,
            6,
            2.5,
            7
          ],
          "texture": "#0"
        },
        "east": {
          "uv": [
            6,
            3.75,
            7,
            4.75
          ],
          "texture": "#0"
        },
        "south": {
          "uv": [
            6,
            4.75,
            7,
            5.75
          ],
          "texture": "#0"
        },
        "west": {
          "uv": [
            6,
            5.75,
            7,
            6.75
          ],
          "texture": "#0"
        },
        "up": {
          "uv": [
            3.5,
            7.25,
            2.5,
            6.25
          ],
          "texture": "#0"
        },
        "down": {
          "uv": [
            4.5,
            6.25,
            3.5,
            7.25
          ],
          "texture": "#0"
        }
      }
    },
    {
      "from": [
        1,
        10,
        7
      ],
      "to": [
        4,
        12,
        9
      ],
      "rotation": {
        "angle": 0,
        "axis": "y",
        "origin": [
          1,
          10,
          7
        ]
      },
      "faces": {
        "north": {
          "uv": [
            7.25,
            4,
            8,
            4.5
          ],
          "texture": "#0"
        },
        "east": {
          "uv": [
            7.5,
            1.5,
            8,
            2
          ],
          "texture": "#0"
        },
        "south": {
          "uv": [
            7.25,
            4.5,
            8,
            5
          ],
          "texture": "#0"
        },
        "west": {
          "uv": [
            5.25,
            7.75,
            5.75,
            8.25
          ],
          "texture": "#0"
        },
        "up": {
          "uv": [
            6,
            7.75,
            5.25,
            7.25
          ],
          "texture": "#0"
        },
        "down": {
          "uv": [
            6.75,
            7.25,
            6,
            7.75
          ],
          "texture": "#0"
        }
      }
    },
    {
      "from": [
        12,
        10,
        7
      ],
      "to": [
        15,
        12,
        9
      ],
      "rotation": {
        "angle": 0,
        "axis": "y",
        "origin": [
          12,
          10,
          7
        ]
      },
      "faces": {
        "north": {
          "uv": [
            6.75,
            7.25,
            7.5,
            7.75
          ],
          "texture": "#0"
        },
        "east": {
          "uv": [
            5.75,
            7.75,
            6.25,
            8.25
          ],
          "texture": "#0"
        },
        "south": {
          "uv": [
            7.5,
            0,
            8.25,
            0.5
          ],
          "texture": "#0"
        },
        "west": {
          "uv": [
            6.25,
            7.75,
            6.75,
            8.25
          ],
          "texture": "#0"
        },
        "up": {
          "uv": [
            8.25,
            1,
            7.5,
            0.5
          ],
          "texture": "#0"
        },
        "down": {
          "uv": [
            8.25,
            1,
            7.5,
            1.5
          ],
          "texture": "#0"
        }
      }
    },
    {
      "from": [
        0,
        15,
        7
      ],
      "to": [
        4,
        17,
        9
      ],
      "rotation": {
        "angle": 0,
        "axis": "y",
        "origin": [
          1,
          15,
          7
        ]
      },
      "faces": {
        "north": {
          "uv": [
            7,
            5,
            8,
            5.5
          ],
          "texture": "#0"
        },
        "east": {
          "uv": [
            6.75,
            7.75,
            7.25,
            8.25
          ],
          "texture": "#0"
        },
        "south": {
          "uv": [
            7,
            5.5,
            8,
            6
          ],
          "texture": "#0"
        },
        "west": {
          "uv": [
            8,
            1.5,
            8.5,
            2
          ],
          "texture": "#0"
        },
        "up": {
          "uv": [
            8,
            6.5,
            7,
            6
          ],
          "texture": "#0"
        },
        "down": {
          "uv": [
            1.25,
            7.25,
            0.25,
            7.75
          ],
          "texture": "#0"
        }
      }
    },
    {
      "from": [
        12,
        15,
        7
      ],
      "to": [
        16,
        17,
        9
      ],
      "rotation": {
        "angle": 0,
        "axis": "y",
        "origin": [
          13,
          15,
          7
        ]
      },
      "faces": {
        "north": {
          "uv": [
            2.5,
            7.25,
            3.5,
            7.75
          ],
          "texture": "#0"
        },
        "east": {
          "uv": [
            8,
            4,
            8.5,
            4.5
          ],
          "texture": "#0"
        },
        "south": {
          "uv": [
            7.25,
            3,
            8.25,
            3.5
          ],
          "texture": "#0"
        },
        "west": {
          "uv": [
            8,
            4.5,
            8.5,
            5
          ],
          "texture": "#0"
        },
        "up": {
          "uv": [
            4.5,
            7.75,
            3.5,
            7.25
          ],
          "texture": "#0"
        },
        "down": {
          "uv": [
            8.25,
            3.5,
            7.25,
            4
          ],
          "texture": "#0"
        }
      }
    },
    {
      "from": [
        0,
        12,
        7
      ],
      "to": [
        2,
        15,
        9
      ],
      "rotation": {
        "angle": 0,
        "axis": "y",
        "origin": [
          0,
          13,
          7
        ]
      },
      "faces": {
        "north": {
          "uv": [
            7.5,
            6.5,
            8,
            7.25
          ],
          "texture": "#0"
        },
        "east": {
          "uv": [
            7.5,
            7.25,
            8,
            8
          ],
          "texture": "#0"
        },
        "south": {
          "uv": [
            0.25,
            7.75,
            0.75,
            8.5
          ],
          "texture": "#0"
        },
        "west": {
          "uv": [
            0.75,
            7.75,
            1.25,
            8.5
          ],
          "texture": "#0"
        },
        "up": {
          "uv": [
            8.5,
            5.5,
            8,
            5
          ],
          "texture": "#0"
        },
        "down": {
          "uv": [
            8.5,
            5.5,
            8,
            6
          ],
          "texture": "#0"
        }
      }
    },
    {
      "from": [
        14,
        12,
        7
      ],
      "to": [
        16,
        15,
        9
      ],
      "rotation": {
        "angle": 0,
        "axis": "y",
        "origin": [
          14,
          13,
          7
        ]
      },
      "faces": {
        "north": {
          "uv": [
            2.5,
            7.75,
            3,
            8.5
          ],
          "texture": "#0"
        },
        "east": {
          "uv": [
            3,
            7.75,
            3.5,
            8.5
          ],
          "texture": "#0"
        },
        "south": {
          "uv": [
            3.5,
            7.75,
            4,
            8.5
          ],
          "texture": "#0"
        },
        "west": {
          "uv": [
            4,
            7.75,
            4.5,
            8.5
          ],
          "texture": "#0"
        },
        "up": {
          "uv": [
            8.5,
            6.5,
            8,
            6
          ],
          "texture": "#0"
        },
        "down": {
          "uv": [
            8.5,
            6.5,
            8,
            7
          ],
          "texture": "#0"
        }
      }
    }
  ],
  "display": {
    "thirdperson_righthand": {
      "translation": [
        0,
        1.75,
        0
      ],
      "scale": [
        0.3,
        0.3,
        0.3
      ]
    },
    "thirdperson_lefthand": {
      "translation": [
        0,
        1.75,
        0
      ],
      "scale": [
        0.3,
        0.3,
        0.3
      ]
    },
    "firstperson_righthand": {
      "translation": [
        0,
        2.75,
        0
      ],
      "scale": [
        0.3,
        0.3,
        0.3
      ]
    },
    "firstperson_lefthand": {
      "translation": [
        0,
        2.75,
        0
      ],
      "scale": [
        0.3,
        0.3,
        0.3
      ]
    },
    "ground": {
      "translation": [
        0,
        1.25,
        0
      ],
      "scale": [
        0.3,
        0.3,
        0.3
      ]
    },
    "gui": {
      "rotation": [
        22,
        -45,
        0
      ],
      "translation": [
        0.25,
        -0.75,
        0
      ],
      "scale": [
        0.75,
        0.75,
        0.75
      ]
    },
    "head": {
      "translation": [
        0,
        14,
        0
      ]
    }
  },
  "groups": [
    {
      "name": "group",
      "origin": [
        5,
        0,
        5
      ],
      "color": 0,
      "children": [
        0,
        1,
        2,
        3,
        4,
        5,
        6,
        7,
        8,
        9,
        10,
        11,
        12
      ]
    }
  ]
}