{
  "format_version": "1.21.6",
  "credit": "Made with Blockbench",
  "texture_size": [
    64,
    64
  ],
  "elements": [
    {
      "from": [
        0,
        0,
        0
      ],
      "to": [
        16,
        14,
        16
      ],
      "rotation": {
        "angle": 0,
        "axis": "y",
        "origin": [
          0,
          -2,
          0
        ]
      },
      "faces": {
        "north": {
          "uv": [
            4,
            0,
            8,
            3.5
          ],
          "texture": "#1"
        },
        "east": {
          "uv": [
            4,
            3.5,
            8,
            7
          ],
          "texture": "#1"
        },
        "south": {
          "uv": [
            4,
            7,
            8,
            10.5
          ],
          "texture": "#1"
        },
        "west": {
          "uv": [
            0,
            8,
            4,
            11.5
          ],
          "texture": "#1"
        },
        "up": {
          "uv": [
            4,
            4,
            0,
            0
          ],
          "texture": "#1"
        },
        "down": {
          "uv": [
            4,
            4,
            0,
            8
          ],
          "texture": "#1"
        }
      }
    }
  ],
  "display": {
    "thirdperson_righthand": {
      "rotation": [
        0,
        -180,
        0
      ],
      "scale": [
        0.15,
        0.15,
        0.15
      ]
    },
    "thirdperson_lefthand": {
      "rotation": [
        0,
        -180,
        0
      ],
      "scale": [
        0.15,
        0.15,
        0.15
      ]
    },
    "firstperson_righthand": {
      "rotation": [
        0,
        -180,
        0
      ],
      "translation": [
        0,
        3,
        0
      ],
      "scale": [
        0.3,
        0.3,
        0.3
      ]
    },
    "firstperson_lefthand": {
      "rotation": [
        0,
        -180,
        0
      ],
      "translation": [
        0,
        3,
        0
      ],
      "scale": [
        0.3,
        0.3,
        0.3
      ]
    },
    "ground": {
      "scale": [
        0.2,
        0.2,
        0.2
      ]
    },
    "gui": {
      "rotation": [
        -160,
        45,
        -180
      ],
      "scale": [
        0.65,
        0.65,
        0.65
      ]
    },
    "head": {
      "translation": [
        0,
        1.5,
        0
      ]
    },
    "fixed": {
      "translation": [
        0,
        1,
        3.5
      ]
    }
  }
}