{
  "format_version": "1.21.6",
  "credit": "Made with Blockbench",
  "texture_size": [
    32,
    32
  ],
  "elements": [
    {
      "from": [
        4,
        0,
        3
      ],
      "to": [
        12,
        3,
        13
      ],
      "rotation": {
        "angle": 0,
        "axis": "y",
        "origin": [
          4,
          0,
          3
        ]
      },
      "faces": {
        "north": {
          "uv": [
            0,
            12.5,
            4,
            14
          ],
          "texture": "#0"
        },
        "east": {
          "uv": [
            0,
            11,
            5,
            12.5
          ],
          "texture": "#0"
        },
        "south": {
          "uv": [
            4,
            12.5,
            8,
            14
          ],
          "texture": "#0"
        },
        "west": {
          "uv": [
            5,
            11,
            10,
            12.5
          ],
          "texture": "#0"
        },
        "up": {
          "uv": [
            4,
            11,
            0,
            6
          ],
          "texture": "#0"
        },
        "down": {
          "uv": [
            8,
            6,
            4,
            11
          ],
          "texture": "#0"
        }
      }
    },
    {
      "from": [
        6,
        3,
        7
      ],
      "to": [
        10,
        12,
        10
      ],
      "rotation": {
        "angle": 0,
        "axis": "y",
        "origin": [
          6,
          2,
          7
        ]
      },
      "faces": {
        "north": {
          "uv": [
            8,
            0,
            10,
            5
          ],
          "texture": "#0"
        },
        "east": {
          "uv": [
            11.5,
            0,
            13,
            5
          ],
          "texture": "#0"
        },
        "south": {
          "uv": [
            8,
            5,
            10,
            10
          ],
          "texture": "#0"
        },
        "west": {
          "uv": [
            11.5,
            5,
            13,
            10
          ],
          "texture": "#0"
        },
        "up": {
          "uv": [
            10,
            14,
            8,
            12.5
          ],
          "texture": "#0"
        },
        "down": {
          "uv": [
            15,
            0,
            13,
            1.5
          ],
          "texture": "#0"
        }
      }
    },
    {
      "from": [
        4,
        4,
        7
      ],
      "to": [
        12,
        16,
        10
      ],
      "rotation": {
        "angle": 22.5,
        "axis": "x",
        "origin": [
          8,
          12,
          10
        ]
      },
      "faces": {
        "north": {
          "uv": [
            0,
            0,
            4,
            6
          ],
          "texture": "#0"
        },
        "east": {
          "uv": [
            10,
            0,
            11.5,
            6
          ],
          "texture": "#0"
        },
        "south": {
          "uv": [
            4,
            0,
            8,
            6
          ],
          "texture": "#0"
        },
        "west": {
          "uv": [
            10,
            6,
            11.5,
            12
          ],
          "texture": "#0"
        },
        "up": {
          "uv": [
            15.5,
            11.5,
            11.5,
            10
          ],
          "texture": "#0"
        },
        "down": {
          "uv": [
            15.5,
            11.5,
            11.5,
            13
          ],
          "texture": "#0"
        }
      }
    }
  ],
  "groups": [
    {
      "name": "group",
      "origin": [
        8,
        8,
        8
      ],
      "color": 0,
      "children": [
        0,
        1,
        2
      ]
    }
  ]
}