{
  "format_version": "1.21.6",
  "credit": "Made with Blockbench",
  "texture_size": [
    128,
    128
  ],
  "elements": [
    {
      "from": [
        -9,
        0,
        14.5
      ],
      "to": [
        25,
        16,
        15.5
      ],
      "rotation": {
        "angle": 0,
        "axis": "y",
        "origin": [
          0,
          0,
          13
        ]
      },
      "faces": {
        "north": {
          "uv": [
            0,
            0,
            4.25,
            2
          ],
          "texture": "#5"
        },
        "east": {
          "uv": [
            1.75,
            4.5,
            1.875,
            6.5
          ],
          "texture": "#5"
        },
        "south": {
          "uv": [
            0,
            2,
            4.25,
            4
          ],
          "texture": "#5"
        },
        "west": {
          "uv": [
            4.5,
            1.75,
            4.625,
            3.75
          ],
          "texture": "#5"
        },
        "up": {
          "uv": [
            8.5,
            1.625,
            4.25,
            1.5
          ],
          "texture": "#5"
        },
        "down": {
          "uv": [
            8.5,
            1.625,
            4.25,
            1.75
          ],
          "texture": "#5"
        }
      }
    },
    {
      "from": [
        -11,
        -2,
        14
      ],
      "to": [
        27,
        0,
        16
      ],
      "rotation": {
        "angle": 0,
        "axis": "y",
        "origin": [
          -11,
          -2,
          14
        ]
      },
      "faces": {
        "north": {
          "uv": [
            0,
            4,
            4.75,
            4.25
          ],
          "texture": "#5"
        },
        "east": {
          "uv": [
            4.625,
            3.25,
            4.875,
            3.5
          ],
          "texture": "#5"
        },
        "south": {
          "uv": [
            0,
            4.25,
            4.75,
            4.5
          ],
          "texture": "#5"
        },
        "west": {
          "uv": [
            4.625,
            3.5,
            4.875,
            3.75
          ],
          "texture": "#5"
        },
        "up": {
          "uv": [
            9,
            0.25,
            4.25,
            0
          ],
          "texture": "#5"
        },
        "down": {
          "uv": [
            9,
            0.25,
            4.25,
            0.5
          ],
          "texture": "#5"
        }
      }
    },
    {
      "from": [
        -11,
        16,
        14
      ],
      "to": [
        27,
        18,
        16
      ],
      "rotation": {
        "angle": 0,
        "axis": "y",
        "origin": [
          -11,
          16,
          14
        ]
      },
      "faces": {
        "north": {
          "uv": [
            4.25,
            0.5,
            9,
            0.75
          ],
          "texture": "#5"
        },
        "east": {
          "uv": [
            3.625,
            4.625,
            3.875,
            4.875
          ],
          "texture": "#5"
        },
        "south": {
          "uv": [
            4.25,
            0.75,
            9,
            1
          ],
          "texture": "#5"
        },
        "west": {
          "uv": [
            3.875,
            4.625,
            4.125,
            4.875
          ],
          "texture": "#5"
        },
        "up": {
          "uv": [
            9,
            1.25,
            4.25,
            1
          ],
          "texture": "#5"
        },
        "down": {
          "uv": [
            9,
            1.25,
            4.25,
            1.5
          ],
          "texture": "#5"
        }
      }
    },
    {
      "from": [
        -11,
        0,
        14
      ],
      "to": [
        -9,
        16,
        16
      ],
      "rotation": {
        "angle": 0,
        "axis": "y",
        "origin": [
          -11,
          0,
          14
        ]
      },
      "faces": {
        "north": {
          "uv": [
            4.25,
            1.75,
            4.5,
            3.75
          ],
          "texture": "#5"
        },
        "east": {
          "uv": [
            0,
            4.5,
            0.25,
            6.5
          ],
          "texture": "#5"
        },
        "south": {
          "uv": [
            0.25,
            4.5,
            0.5,
            6.5
          ],
          "texture": "#5"
        },
        "west": {
          "uv": [
            0.5,
            4.5,
            0.75,
            6.5
          ],
          "texture": "#5"
        },
        "up": {
          "uv": [
            4.375,
            4.875,
            4.125,
            4.625
          ],
          "texture": "#5"
        },
        "down": {
          "uv": [
            4.625,
            4.625,
            4.375,
            4.875
          ],
          "texture": "#5"
        }
      }
    },
    {
      "from": [
        25,
        0,
        14
      ],
      "to": [
        27,
        16,
        16
      ],
      "rotation": {
        "angle": 0,
        "axis": "y",
        "origin": [
          25,
          0,
          14
        ]
      },
      "faces": {
        "north": {
          "uv": [
            0.75,
            4.5,
            1,
            6.5
          ],
          "texture": "#5"
        },
        "east": {
          "uv": [
            1,
            4.5,
            1.25,
            6.5
          ],
          "texture": "#5"
        },
        "south": {
          "uv": [
            1.25,
            4.5,
            1.5,
            6.5
          ],
          "texture": "#5"
        },
        "west": {
          "uv": [
            1.5,
            4.5,
            1.75,
            6.5
          ],
          "texture": "#5"
        },
        "up": {
          "uv": [
            4.875,
            4.875,
            4.625,
            4.625
          ],
          "texture": "#5"
        },
        "down": {
          "uv": [
            5,
            1.75,
            4.75,
            2
          ],
          "texture": "#5"
        }
      }
    },
    {
      "from": [
        25,
        -8,
        15
      ],
      "to": [
        26,
        -2,
        15
      ],
      "rotation": {
        "angle": 0,
        "axis": "y",
        "origin": [
          24,
          -4,
          13
        ]
      },
      "faces": {
        "north": {
          "uv": [
            2,
            4.625,
            2.125,
            5.375
          ],
          "texture": "#5"
        },
        "east": {
          "uv": [
            0,
            0,
            0,
            0.75
          ],
          "texture": "#5"
        },
        "south": {
          "uv": [
            2.125,
            4.625,
            2.25,
            5.375
          ],
          "texture": "#5"
        },
        "west": {
          "uv": [
            0,
            0,
            0,
            0.75
          ],
          "texture": "#5"
        },
        "up": {
          "uv": [
            0.125,
            0,
            0,
            0
          ],
          "texture": "#5"
        },
        "down": {
          "uv": [
            0.125,
            0,
            0,
            0
          ],
          "texture": "#5"
        }
      }
    },
    {
      "from": [
        24,
        -7,
        15
      ],
      "to": [
        25,
        -2,
        15
      ],
      "rotation": {
        "angle": 0,
        "axis": "y",
        "origin": [
          23,
          -4,
          13
        ]
      },
      "faces": {
        "north": {
          "uv": [
            2.875,
            4.625,
            3,
            5.25
          ],
          "texture": "#5"
        },
        "east": {
          "uv": [
            0,
            0,
            0,
            0.625
          ],
          "texture": "#5"
        },
        "south": {
          "uv": [
            3,
            4.625,
            3.125,
            5.25
          ],
          "texture": "#5"
        },
        "west": {
          "uv": [
            0,
            0,
            0,
            0.625
          ],
          "texture": "#5"
        },
        "up": {
          "uv": [
            0.125,
            0,
            0,
            0
          ],
          "texture": "#5"
        },
        "down": {
          "uv": [
            0.125,
            0,
            0,
            0
          ],
          "texture": "#5"
        }
      }
    },
    {
      "from": [
        23,
        -5,
        15
      ],
      "to": [
        24,
        -2,
        15
      ],
      "rotation": {
        "angle": 0,
        "axis": "y",
        "origin": [
          22,
          -4,
          13
        ]
      },
      "faces": {
        "north": {
          "uv": [
            4.875,
            3.375,
            5,
            3.75
          ],
          "texture": "#5"
        },
        "east": {
          "uv": [
            0,
            0,
            0,
            0.375
          ],
          "texture": "#5"
        },
        "south": {
          "uv": [
            3.625,
            4.875,
            3.75,
            5.25
          ],
          "texture": "#5"
        },
        "west": {
          "uv": [
            0,
            0,
            0,
            0.375
          ],
          "texture": "#5"
        },
        "up": {
          "uv": [
            0.125,
            0,
            0,
            0
          ],
          "texture": "#5"
        },
        "down": {
          "uv": [
            0.125,
            0,
            0,
            0
          ],
          "texture": "#5"
        }
      }
    },
    {
      "from": [
        13,
        -3,
        15
      ],
      "to": [
        17,
        -2,
        15
      ],
      "rotation": {
        "angle": 0,
        "axis": "y",
        "origin": [
          15,
          -4,
          13
        ]
      },
      "faces": {
        "north": {
          "uv": [
            4.75,
            2,
            5.25,
            2.125
          ],
          "texture": "#5"
        },
        "east": {
          "uv": [
            0,
            0,
            0,
            0.125
          ],
          "texture": "#5"
        },
        "south": {
          "uv": [
            4.75,
            2.125,
            5.25,
            2.25
          ],
          "texture": "#5"
        },
        "west": {
          "uv": [
            0,
            0,
            0,
            0.125
          ],
          "texture": "#5"
        },
        "up": {
          "uv": [
            0.5,
            0,
            0,
            0
          ],
          "texture": "#5"
        },
        "down": {
          "uv": [
            0.5,
            0,
            0,
            0
          ],
          "texture": "#5"
        }
      }
    },
    {
      "from": [
        6,
        -3,
        15
      ],
      "to": [
        10,
        -2,
        15
      ],
      "rotation": {
        "angle": 0,
        "axis": "y",
        "origin": [
          8,
          -4,
          13
        ]
      },
      "faces": {
        "north": {
          "uv": [
            4.75,
            2.25,
            5.25,
            2.375
          ],
          "texture": "#5"
        },
        "east": {
          "uv": [
            0,
            0,
            0,
            0.125
          ],
          "texture": "#5"
        },
        "south": {
          "uv": [
            4.75,
            2.375,
            5.25,
            2.5
          ],
          "texture": "#5"
        },
        "west": {
          "uv": [
            0,
            0,
            0,
            0.125
          ],
          "texture": "#5"
        },
        "up": {
          "uv": [
            0.5,
            0,
            0,
            0
          ],
          "texture": "#5"
        },
        "down": {
          "uv": [
            0.5,
            0,
            0,
            0
          ],
          "texture": "#5"
        }
      }
    },
    {
      "from": [
        6,
        -6,
        15
      ],
      "to": [
        10,
        -5,
        15
      ],
      "rotation": {
        "angle": 0,
        "axis": "y",
        "origin": [
          8,
          -7,
          13
        ]
      },
      "faces": {
        "north": {
          "uv": [
            4.75,
            2.5,
            5.25,
            2.625
          ],
          "texture": "#5"
        },
        "east": {
          "uv": [
            0,
            0,
            0,
            0.125
          ],
          "texture": "#5"
        },
        "south": {
          "uv": [
            4.75,
            2.625,
            5.25,
            2.75
          ],
          "texture": "#5"
        },
        "west": {
          "uv": [
            0,
            0,
            0,
            0.125
          ],
          "texture": "#5"
        },
        "up": {
          "uv": [
            0.5,
            0,
            0,
            0
          ],
          "texture": "#5"
        },
        "down": {
          "uv": [
            0.5,
            0,
            0,
            0
          ],
          "texture": "#5"
        }
      }
    },
    {
      "from": [
        0,
        -4,
        15
      ],
      "to": [
        16,
        -3,
        15
      ],
      "rotation": {
        "angle": 0,
        "axis": "y",
        "origin": [
          2,
          -5,
          13
        ]
      },
      "faces": {
        "north": {
          "uv": [
            4.25,
            3.75,
            6.25,
            3.875
          ],
          "texture": "#5"
        },
        "east": {
          "uv": [
            0,
            0,
            0,
            0.125
          ],
          "texture": "#5"
        },
        "south": {
          "uv": [
            4.25,
            3.875,
            6.25,
            4
          ],
          "texture": "#5"
        },
        "west": {
          "uv": [
            0,
            0,
            0,
            0.125
          ],
          "texture": "#5"
        },
        "up": {
          "uv": [
            2,
            0,
            0,
            0
          ],
          "texture": "#5"
        },
        "down": {
          "uv": [
            2,
            0,
            0,
            0
          ],
          "texture": "#5"
        }
      }
    },
    {
      "from": [
        2,
        -5,
        15
      ],
      "to": [
        14,
        -4,
        15
      ],
      "rotation": {
        "angle": 0,
        "axis": "y",
        "origin": [
          2,
          -6,
          13
        ]
      },
      "faces": {
        "north": {
          "uv": [
            1.875,
            4.5,
            3.375,
            4.625
          ],
          "texture": "#5"
        },
        "east": {
          "uv": [
            0,
            0,
            0,
            0.125
          ],
          "texture": "#5"
        },
        "south": {
          "uv": [
            3.375,
            4.5,
            4.875,
            4.625
          ],
          "texture": "#5"
        },
        "west": {
          "uv": [
            0,
            0,
            0,
            0.125
          ],
          "texture": "#5"
        },
        "up": {
          "uv": [
            1.5,
            0,
            0,
            0
          ],
          "texture": "#5"
        },
        "down": {
          "uv": [
            1.5,
            0,
            0,
            0
          ],
          "texture": "#5"
        }
      }
    },
    {
      "from": [
        -1,
        -3,
        15
      ],
      "to": [
        3,
        -2,
        15
      ],
      "rotation": {
        "angle": 0,
        "axis": "y",
        "origin": [
          1,
          -4,
          13
        ]
      },
      "faces": {
        "north": {
          "uv": [
            4.75,
            2.75,
            5.25,
            2.875
          ],
          "texture": "#5"
        },
        "east": {
          "uv": [
            0,
            0,
            0,
            0.125
          ],
          "texture": "#5"
        },
        "south": {
          "uv": [
            4.75,
            2.875,
            5.25,
            3
          ],
          "texture": "#5"
        },
        "west": {
          "uv": [
            0,
            0,
            0,
            0.125
          ],
          "texture": "#5"
        },
        "up": {
          "uv": [
            0.5,
            0,
            0,
            0
          ],
          "texture": "#5"
        },
        "down": {
          "uv": [
            0.5,
            0,
            0,
            0
          ],
          "texture": "#5"
        }
      }
    },
    {
      "from": [
        20,
        -8,
        15
      ],
      "to": [
        21,
        -2,
        15
      ],
      "rotation": {
        "angle": 0,
        "axis": "y",
        "origin": [
          19,
          -4,
          13
        ]
      },
      "faces": {
        "north": {
          "uv": [
            4.625,
            1.75,
            4.75,
            2.5
          ],
          "texture": "#5"
        },
        "east": {
          "uv": [
            0,
            0,
            0,
            0.75
          ],
          "texture": "#5"
        },
        "south": {
          "uv": [
            1.875,
            4.625,
            2,
            5.375
          ],
          "texture": "#5"
        },
        "west": {
          "uv": [
            0,
            0,
            0,
            0.75
          ],
          "texture": "#5"
        },
        "up": {
          "uv": [
            0.125,
            0,
            0,
            0
          ],
          "texture": "#5"
        },
        "down": {
          "uv": [
            0.125,
            0,
            0,
            0
          ],
          "texture": "#5"
        }
      }
    },
    {
      "from": [
        19,
        -7,
        15
      ],
      "to": [
        20,
        -2,
        15
      ],
      "rotation": {
        "angle": 0,
        "axis": "y",
        "origin": [
          18,
          -4,
          13
        ]
      },
      "faces": {
        "north": {
          "uv": [
            2.625,
            4.625,
            2.75,
            5.25
          ],
          "texture": "#5"
        },
        "east": {
          "uv": [
            0,
            0,
            0,
            0.625
          ],
          "texture": "#5"
        },
        "south": {
          "uv": [
            2.75,
            4.625,
            2.875,
            5.25
          ],
          "texture": "#5"
        },
        "west": {
          "uv": [
            0,
            0,
            0,
            0.625
          ],
          "texture": "#5"
        },
        "up": {
          "uv": [
            0.125,
            0,
            0,
            0
          ],
          "texture": "#5"
        },
        "down": {
          "uv": [
            0.125,
            0,
            0,
            0
          ],
          "texture": "#5"
        }
      }
    },
    {
      "from": [
        18,
        -5,
        15
      ],
      "to": [
        19,
        -2,
        15
      ],
      "rotation": {
        "angle": 0,
        "axis": "y",
        "origin": [
          17,
          -4,
          13
        ]
      },
      "faces": {
        "north": {
          "uv": [
            4.75,
            4,
            4.875,
            4.375
          ],
          "texture": "#5"
        },
        "east": {
          "uv": [
            0,
            0,
            0,
            0.375
          ],
          "texture": "#5"
        },
        "south": {
          "uv": [
            4.875,
            3,
            5,
            3.375
          ],
          "texture": "#5"
        },
        "west": {
          "uv": [
            0,
            0,
            0,
            0.375
          ],
          "texture": "#5"
        },
        "up": {
          "uv": [
            0.125,
            0,
            0,
            0
          ],
          "texture": "#5"
        },
        "down": {
          "uv": [
            0.125,
            0,
            0,
            0
          ],
          "texture": "#5"
        }
      }
    },
    {
      "from": [
        -5,
        -8,
        15
      ],
      "to": [
        -4,
        -2,
        15
      ],
      "rotation": {
        "angle": 0,
        "axis": "y",
        "origin": [
          -6,
          -4,
          13
        ]
      },
      "faces": {
        "north": {
          "uv": [
            2.25,
            4.625,
            2.375,
            5.375
          ],
          "texture": "#5"
        },
        "east": {
          "uv": [
            0,
            0,
            0,
            0.75
          ],
          "texture": "#5"
        },
        "south": {
          "uv": [
            2.375,
            4.625,
            2.5,
            5.375
          ],
          "texture": "#5"
        },
        "west": {
          "uv": [
            0,
            0,
            0,
            0.75
          ],
          "texture": "#5"
        },
        "up": {
          "uv": [
            0.125,
            0,
            0,
            0
          ],
          "texture": "#5"
        },
        "down": {
          "uv": [
            0.125,
            0,
            0,
            0
          ],
          "texture": "#5"
        }
      }
    },
    {
      "from": [
        -4,
        -7,
        15
      ],
      "to": [
        -3,
        -2,
        15
      ],
      "rotation": {
        "angle": 0,
        "axis": "y",
        "origin": [
          -5,
          -4,
          13
        ]
      },
      "faces": {
        "north": {
          "uv": [
            3.125,
            4.625,
            3.25,
            5.25
          ],
          "texture": "#5"
        },
        "east": {
          "uv": [
            0,
            0,
            0,
            0.625
          ],
          "texture": "#5"
        },
        "south": {
          "uv": [
            3.25,
            4.625,
            3.375,
            5.25
          ],
          "texture": "#5"
        },
        "west": {
          "uv": [
            0,
            0,
            0,
            0.625
          ],
          "texture": "#5"
        },
        "up": {
          "uv": [
            0.125,
            0,
            0,
            0
          ],
          "texture": "#5"
        },
        "down": {
          "uv": [
            0.125,
            0,
            0,
            0
          ],
          "texture": "#5"
        }
      }
    },
    {
      "from": [
        -3,
        -5,
        15
      ],
      "to": [
        -2,
        -2,
        15
      ],
      "rotation": {
        "angle": 0,
        "axis": "y",
        "origin": [
          -4,
          -4,
          13
        ]
      },
      "faces": {
        "north": {
          "uv": [
            3.75,
            4.875,
            3.875,
            5.25
          ],
          "texture": "#5"
        },
        "east": {
          "uv": [
            0,
            0,
            0,
            0.375
          ],
          "texture": "#5"
        },
        "south": {
          "uv": [
            3.875,
            4.875,
            4,
            5.25
          ],
          "texture": "#5"
        },
        "west": {
          "uv": [
            0,
            0,
            0,
            0.375
          ],
          "texture": "#5"
        },
        "up": {
          "uv": [
            0.125,
            0,
            0,
            0
          ],
          "texture": "#5"
        },
        "down": {
          "uv": [
            0.125,
            0,
            0,
            0
          ],
          "texture": "#5"
        }
      }
    },
    {
      "from": [
        -10,
        -8,
        15
      ],
      "to": [
        -9,
        -2,
        15
      ],
      "rotation": {
        "angle": 0,
        "axis": "y",
        "origin": [
          -11,
          -4,
          13
        ]
      },
      "faces": {
        "north": {
          "uv": [
            2.5,
            4.625,
            2.625,
            5.375
          ],
          "texture": "#5"
        },
        "east": {
          "uv": [
            0,
            0,
            0,
            0.75
          ],
          "texture": "#5"
        },
        "south": {
          "uv": [
            4.625,
            2.5,
            4.75,
            3.25
          ],
          "texture": "#5"
        },
        "west": {
          "uv": [
            0,
            0,
            0,
            0.75
          ],
          "texture": "#5"
        },
        "up": {
          "uv": [
            0.125,
            0,
            0,
            0
          ],
          "texture": "#5"
        },
        "down": {
          "uv": [
            0.125,
            0,
            0,
            0
          ],
          "texture": "#5"
        }
      }
    },
    {
      "from": [
        -9,
        -7,
        15
      ],
      "to": [
        -8,
        -2,
        15
      ],
      "rotation": {
        "angle": 0,
        "axis": "y",
        "origin": [
          -10,
          -4,
          13
        ]
      },
      "faces": {
        "north": {
          "uv": [
            3.375,
            4.625,
            3.5,
            5.25
          ],
          "texture": "#5"
        },
        "east": {
          "uv": [
            0,
            0,
            0,
            0.625
          ],
          "texture": "#5"
        },
        "south": {
          "uv": [
            3.5,
            4.625,
            3.625,
            5.25
          ],
          "texture": "#5"
        },
        "west": {
          "uv": [
            0,
            0,
            0,
            0.625
          ],
          "texture": "#5"
        },
        "up": {
          "uv": [
            0.125,
            0,
            0,
            0
          ],
          "texture": "#5"
        },
        "down": {
          "uv": [
            0.125,
            0,
            0,
            0
          ],
          "texture": "#5"
        }
      }
    },
    {
      "from": [
        -8,
        -5,
        15
      ],
      "to": [
        -7,
        -2,
        15
      ],
      "rotation": {
        "angle": 0,
        "axis": "y",
        "origin": [
          -9,
          -4,
          13
        ]
      },
      "faces": {
        "north": {
          "uv": [
            4,
            4.875,
            4.125,
            5.25
          ],
          "texture": "#5"
        },
        "east": {
          "uv": [
            0,
            0,
            0,
            0.375
          ],
          "texture": "#5"
        },
        "south": {
          "uv": [
            4.875,
            4,
            5,
            4.375
          ],
          "texture": "#5"
        },
        "west": {
          "uv": [
            0,
            0,
            0,
            0.375
          ],
          "texture": "#5"
        },
        "up": {
          "uv": [
            0.125,
            0,
            0,
            0
          ],
          "texture": "#5"
        },
        "down": {
          "uv": [
            0.125,
            0,
            0,
            0
          ],
          "texture": "#5"
        }
      }
    }
  ],
  "gui_light": "front",
  "display": {
    "thirdperson_righthand": {
      "translation": [
        0,
        2.5,
        -0.75
      ],
      "scale": [
        0.25,
        0.25,
        0.25
      ]
    },
    "thirdperson_lefthand": {
      "translation": [
        0,
        2.5,
        -0.75
      ],
      "scale": [
        0.25,
        0.25,
        0.25
      ]
    },
    "firstperson_righthand": {
      "rotation": [
        0,
        -180,
        0
      ],
      "translation": [
        -2.75,
        4.75,
        5
      ],
      "scale": [
        0.25,
        0.25,
        0.25
      ]
    },
    "firstperson_lefthand": {
      "rotation": [
        0,
        -180,
        0
      ],
      "translation": [
        -2.75,
        4.75,
        5
      ],
      "scale": [
        0.25,
        0.25,
        0.25
      ]
    },
    "ground": {
      "translation": [
        0,
        2.25,
        0
      ],
      "scale": [
        0.3,
        0.3,
        0.3
      ]
    },
    "gui": {
      "scale": [
        0.4,
        0.4,
        0.4
      ]
    },
    "head": {
      "translation": [
        0,
        0,
        -13.25
      ]
    },
    "fixed": {
      "translation": [
        0,
        0,
        -3.5
      ],
      "scale": [
        0.45,
        0.45,
        0.45
      ]
    }
  },
  "groups": [
    {
      "name": "group",
      "origin": [
        0,
        0,
        14
      ],
      "color": 0,
      "children": [
        0,
        1,
        2,
        3,
        4
      ]
    },
    {
      "name": "group",
      "origin": [
        8,
        8,
        8
      ],
      "color": 0,
      "children": [
        5,
        6,
        7
      ]
    },
    {
      "name": "group",
      "origin": [
        8,
        8,
        8
      ],
      "color": 0,
      "children": [
        8,
        9,
        10,
        11,
        12,
        13
      ]
    },
    {
      "name": "group",
      "origin": [
        8,
        8,
        8
      ],
      "color": 0,
      "children": [
        14,
        15,
        16
      ]
    },
    {
      "name": "group",
      "origin": [
        8,
        8,
        8
      ],
      "color": 0,
      "children": [
        17,
        18,
        19
      ]
    },
    {
      "name": "group",
      "origin": [
        8,
        8,
        8
      ],
      "color": 0,
      "children": [
        20,
        21,
        22
      ]
    }
  ]
}