{
  "format_version": "1.21.6",
  "credit": "Made with Blockbench",
  "texture_size": [
    64,
    64
  ],
  "elements": [
    {
      "from": [
        3,
        0,
        14.5
      ],
      "to": [
        13,
        16,
        15.5
      ],
      "rotation": {
        "angle": 0,
        "axis": "y",
        "origin": [
          3,
          0,
          14
        ]
      },
      "faces": {
        "north": {
          "uv": [
            0,
            0,
            2.5,
            4
          ],
          "texture": "#0"
        },
        "east": {
          "uv": [
            4,
            5,
            4.25,
            9
          ],
          "texture": "#0"
        },
        "south": {
          "uv": [
            2.5,
            0,
            5,
            4
          ],
          "texture": "#0"
        },
        "west": {
          "uv": [
            4.25,
            5,
            4.5,
            9
          ],
          "texture": "#0"
        },
        "up": {
          "uv": [
            7.5,
            3.25,
            5,
            3
          ],
          "texture": "#0"
        },
        "down": {
          "uv": [
            7.5,
            3.25,
            5,
            3.5
          ],
          "texture": "#0"
        }
      }
    },
    {
      "from": [
        1,
        -2,
        14
      ],
      "to": [
        15,
        0,
        16
      ],
      "rotation": {
        "angle": 0,
        "axis": "y",
        "origin": [
          1,
          -2,
          14
        ]
      },
      "faces": {
        "north": {
          "uv": [
            4,
            4,
            7.5,
            4.5
          ],
          "texture": "#0"
        },
        "east": {
          "uv": [
            5,
            3.5,
            5.5,
            4
          ],
          "texture": "#0"
        },
        "south": {
          "uv": [
            4,
            4.5,
            7.5,
            5
          ],
          "texture": "#0"
        },
        "west": {
          "uv": [
            4.5,
            5,
            5,
            5.5
          ],
          "texture": "#0"
        },
        "up": {
          "uv": [
            8.5,
            0.5,
            5,
            0
          ],
          "texture": "#0"
        },
        "down": {
          "uv": [
            8.5,
            0.5,
            5,
            1
          ],
          "texture": "#0"
        }
      }
    },
    {
      "from": [
        1,
        16,
        14
      ],
      "to": [
        15,
        18,
        16
      ],
      "rotation": {
        "angle": 0,
        "axis": "y",
        "origin": [
          1,
          16,
          14
        ]
      },
      "faces": {
        "north": {
          "uv": [
            5,
            1,
            8.5,
            1.5
          ],
          "texture": "#0"
        },
        "east": {
          "uv": [
            5,
            5,
            5.5,
            5.5
          ],
          "texture": "#0"
        },
        "south": {
          "uv": [
            5,
            1.5,
            8.5,
            2
          ],
          "texture": "#0"
        },
        "west": {
          "uv": [
            5.5,
            3.5,
            6,
            4
          ],
          "texture": "#0"
        },
        "up": {
          "uv": [
            8.5,
            2.5,
            5,
            2
          ],
          "texture": "#0"
        },
        "down": {
          "uv": [
            8.5,
            2.5,
            5,
            3
          ],
          "texture": "#0"
        }
      }
    },
    {
      "from": [
        1,
        0,
        14
      ],
      "to": [
        3,
        16,
        16
      ],
      "rotation": {
        "angle": 0,
        "axis": "y",
        "origin": [
          1,
          0,
          14
        ]
      },
      "faces": {
        "north": {
          "uv": [
            0,
            4,
            0.5,
            8
          ],
          "texture": "#0"
        },
        "east": {
          "uv": [
            0.5,
            4,
            1,
            8
          ],
          "texture": "#0"
        },
        "south": {
          "uv": [
            1,
            4,
            1.5,
            8
          ],
          "texture": "#0"
        },
        "west": {
          "uv": [
            1.5,
            4,
            2,
            8
          ],
          "texture": "#0"
        },
        "up": {
          "uv": [
            5,
            6,
            4.5,
            5.5
          ],
          "texture": "#0"
        },
        "down": {
          "uv": [
            5.5,
            5.5,
            5,
            6
          ],
          "texture": "#0"
        }
      }
    },
    {
      "from": [
        13,
        0,
        14
      ],
      "to": [
        15,
        16,
        16
      ],
      "rotation": {
        "angle": 0,
        "axis": "y",
        "origin": [
          13,
          0,
          14
        ]
      },
      "faces": {
        "north": {
          "uv": [
            2,
            4,
            2.5,
            8
          ],
          "texture": "#0"
        },
        "east": {
          "uv": [
            2.5,
            4,
            3,
            8
          ],
          "texture": "#0"
        },
        "south": {
          "uv": [
            3,
            4,
            3.5,
            8
          ],
          "texture": "#0"
        },
        "west": {
          "uv": [
            3.5,
            4,
            4,
            8
          ],
          "texture": "#0"
        },
        "up": {
          "uv": [
            6,
            5.5,
            5.5,
            5
          ],
          "texture": "#0"
        },
        "down": {
          "uv": [
            6,
            5.5,
            5.5,
            6
          ],
          "texture": "#0"
        }
      }
    }
  ],
  "gui_light": "front",
  "display": {
    "thirdperson_righthand": {
      "translation": [
        0,
        3.5,
        -2.25
      ],
      "scale": [
        0.45,
        0.45,
        0.45
      ]
    },
    "thirdperson_lefthand": {
      "translation": [
        0,
        3.5,
        -2.25
      ],
      "scale": [
        0.45,
        0.45,
        0.45
      ]
    },
    "firstperson_righthand": {
      "translation": [
        -1.5,
        4.25,
        0
      ],
      "scale": [
        0.4,
        0.4,
        0.4
      ]
    },
    "firstperson_lefthand": {
      "translation": [
        -1.5,
        4.25,
        0
      ],
      "scale": [
        0.4,
        0.4,
        0.4
      ]
    },
    "ground": {
      "translation": [
        0,
        3,
        0
      ],
      "scale": [
        0.4,
        0.4,
        0.4
      ]
    },
    "gui": {
      "scale": [
        0.8,
        0.8,
        0.8
      ]
    },
    "head": {
      "translation": [
        0,
        0,
        -13
      ]
    },
    "fixed": {
      "translation": [
        0,
        0,
        -6
      ]
    }
  },
  "groups": [
    {
      "name": "group",
      "origin": [
        8,
        8,
        8
      ],
      "color": 0,
      "children": [
        0,
        1,
        2,
        3,
        4
      ]
    }
  ]
}