{
  "format_version": "1.21.6",
  "credit": "Made with Blockbench",
  "texture_size": [
    64,
    64
  ],
  "elements": [
    {
      "from": [
        1,
        -9,
        13.5
      ],
      "to": [
        15,
        11,
        14.5
      ],
      "rotation": {
        "angle": 0,
        "axis": "y",
        "origin": [
          3,
          -9,
          12
        ]
      },
      "faces": {
        "north": {
          "uv": [
            0,
            0,
            3.5,
            5
          ],
          "texture": "#0"
        },
        "east": {
          "uv": [
            3,
            7,
            3.25,
            12
          ],
          "texture": "#0"
        },
        "south": {
          "uv": [
            3.5,
            0,
            7,
            5
          ],
          "texture": "#0"
        },
        "west": {
          "uv": [
            3.25,
            7,
            3.5,
            12
          ],
          "texture": "#0"
        },
        "up": {
          "uv": [
            10.5,
            2.75,
            7,
            2.5
          ],
          "texture": "#0"
        },
        "down": {
          "uv": [
            10.5,
            2.75,
            7,
            3
          ],
          "texture": "#0"
        }
      }
    },
    {
      "from": [
        2,
        -11,
        13.5
      ],
      "to": [
        14,
        -9,
        14.5
      ],
      "rotation": {
        "angle": 0,
        "axis": "y",
        "origin": [
          2,
          -11,
          12
        ]
      },
      "faces": {
        "north": {
          "uv": [
            0,
            7,
            3,
            7.5
          ],
          "texture": "#0"
        },
        "east": {
          "uv": [
            3.5,
            7,
            3.75,
            7.5
          ],
          "texture": "#0"
        },
        "south": {
          "uv": [
            7,
            0,
            10,
            0.5
          ],
          "texture": "#0"
        },
        "west": {
          "uv": [
            7,
            3.5,
            7.25,
            4
          ],
          "texture": "#0"
        },
        "up": {
          "uv": [
            10,
            3.25,
            7,
            3
          ],
          "texture": "#0"
        },
        "down": {
          "uv": [
            10,
            3.25,
            7,
            3.5
          ],
          "texture": "#0"
        }
      }
    },
    {
      "from": [
        0,
        11,
        12
      ],
      "to": [
        16,
        15,
        16
      ],
      "rotation": {
        "angle": 0,
        "axis": "y",
        "origin": [
          0,
          11,
          12
        ]
      },
      "faces": {
        "north": {
          "uv": [
            0,
            5,
            4,
            6
          ],
          "texture": "#0"
        },
        "east": {
          "uv": [
            7,
            0.5,
            8,
            1.5
          ],
          "texture": "#0"
        },
        "south": {
          "uv": [
            4,
            5,
            8,
            6
          ],
          "texture": "#0"
        },
        "west": {
          "uv": [
            7,
            1.5,
            8,
            2.5
          ],
          "texture": "#0"
        },
        "up": {
          "uv": [
            4,
            7,
            0,
            6
          ],
          "texture": "#0"
        },
        "down": {
          "uv": [
            8,
            6,
            4,
            7
          ],
          "texture": "#0"
        }
      }
    }
  ],
  "gui_light": "front",
  "display": {
    "thirdperson_righthand": {
      "translation": [
        0,
        3.5,
        -1
      ],
      "scale": [
        0.2,
        0.2,
        0.2
      ]
    },
    "thirdperson_lefthand": {
      "translation": [
        0,
        3.5,
        -1
      ],
      "scale": [
        0.2,
        0.2,
        0.2
      ]
    },
    "firstperson_righthand": {
      "translation": [
        0,
        6.5,
        0
      ],
      "scale": [
        0.3,
        0.3,
        0.3
      ]
    },
    "firstperson_lefthand": {
      "translation": [
        0,
        6.5,
        0
      ],
      "scale": [
        0.3,
        0.3,
        0.3
      ]
    },
    "ground": {
      "translation": [
        0,
        6.25,
        0
      ],
      "scale": [
        0.3,
        0.3,
        0.3
      ]
    },
    "gui": {
      "translation": [
        0,
        4,
        0
      ],
      "scale": [
        0.6,
        0.6,
        0.6
      ]
    },
    "head": {
      "translation": [
        0,
        -0.5,
        -14.5
      ]
    },
    "fixed": {
      "translation": [
        0,
        4.5,
        -4.25
      ],
      "scale": [
        0.75,
        0.75,
        0.75
      ]
    }
  },
  "groups": [
    {
      "name": "group",
      "origin": [
        8,
        8,
        8
      ],
      "color": 0,
      "children": [
        0,
        1,
        2
      ]
    }
  ]
}