{
  "format_version": "1.21.6",
  "credit": "Made with Blockbench",
  "texture_size": [
    32,
    32
  ],
  "elements": [
    {
      "from": [
        3,
        5,
        13.5
      ],
      "to": [
        13,
        12,
        14.5
      ],
      "rotation": {
        "angle": 0,
        "axis": "y",
        "origin": [
          3,
          5,
          12
        ]
      },
      "faces": {
        "north": {
          "uv": [
            0,
            0,
            5,
            3.5
          ],
          "texture": "#4"
        },
        "east": {
          "uv": [
            8,
            8,
            8.5,
            11.5
          ],
          "texture": "#4"
        },
        "south": {
          "uv": [
            0,
            3.5,
            5,
            7
          ],
          "texture": "#4"
        },
        "west": {
          "uv": [
            8.5,
            8,
            9,
            11.5
          ],
          "texture": "#4"
        },
        "up": {
          "uv": [
            13,
            7.5,
            8,
            7
          ],
          "texture": "#4"
        },
        "down": {
          "uv": [
            13,
            7.5,
            8,
            8
          ],
          "texture": "#4"
        }
      }
    },
    {
      "from": [
        1,
        3,
        13
      ],
      "to": [
        15,
        5,
        15
      ],
      "rotation": {
        "angle": 0,
        "axis": "y",
        "origin": [
          1,
          3,
          13
        ]
      },
      "faces": {
        "north": {
          "uv": [
            5,
            0,
            12,
            1
          ],
          "texture": "#4"
        },
        "east": {
          "uv": [
            10,
            8,
            11,
            9
          ],
          "texture": "#4"
        },
        "south": {
          "uv": [
            5,
            1,
            12,
            2
          ],
          "texture": "#4"
        },
        "west": {
          "uv": [
            9,
            10,
            10,
            11
          ],
          "texture": "#4"
        },
        "up": {
          "uv": [
            12,
            3,
            5,
            2
          ],
          "texture": "#4"
        },
        "down": {
          "uv": [
            12,
            3,
            5,
            4
          ],
          "texture": "#4"
        }
      }
    },
    {
      "from": [
        1,
        12,
        13
      ],
      "to": [
        15,
        14,
        15
      ],
      "rotation": {
        "angle": 0,
        "axis": "y",
        "origin": [
          1,
          12,
          13
        ]
      },
      "faces": {
        "north": {
          "uv": [
            5,
            4,
            12,
            5
          ],
          "texture": "#4"
        },
        "east": {
          "uv": [
            10,
            9,
            11,
            10
          ],
          "texture": "#4"
        },
        "south": {
          "uv": [
            5,
            5,
            12,
            6
          ],
          "texture": "#4"
        },
        "west": {
          "uv": [
            10,
            10,
            11,
            11
          ],
          "texture": "#4"
        },
        "up": {
          "uv": [
            12,
            7,
            5,
            6
          ],
          "texture": "#4"
        },
        "down": {
          "uv": [
            7,
            7,
            0,
            8
          ],
          "texture": "#4"
        }
      }
    },
    {
      "from": [
        1,
        5,
        13
      ],
      "to": [
        3,
        12,
        15
      ],
      "rotation": {
        "angle": 0,
        "axis": "y",
        "origin": [
          1,
          5,
          13
        ]
      },
      "faces": {
        "north": {
          "uv": [
            3,
            8,
            4,
            11.5
          ],
          "texture": "#4"
        },
        "east": {
          "uv": [
            4,
            8,
            5,
            11.5
          ],
          "texture": "#4"
        },
        "south": {
          "uv": [
            5,
            8,
            6,
            11.5
          ],
          "texture": "#4"
        },
        "west": {
          "uv": [
            6,
            8,
            7,
            11.5
          ],
          "texture": "#4"
        },
        "up": {
          "uv": [
            8,
            11.5,
            7,
            10.5
          ],
          "texture": "#4"
        },
        "down": {
          "uv": [
            12,
            8,
            11,
            9
          ],
          "texture": "#4"
        }
      }
    },
    {
      "from": [
        13,
        5,
        13
      ],
      "to": [
        15,
        12,
        15
      ],
      "rotation": {
        "angle": 0,
        "axis": "y",
        "origin": [
          13,
          5,
          13
        ]
      },
      "faces": {
        "north": {
          "uv": [
            7,
            7,
            8,
            10.5
          ],
          "texture": "#4"
        },
        "east": {
          "uv": [
            0,
            8,
            1,
            11.5
          ],
          "texture": "#4"
        },
        "south": {
          "uv": [
            1,
            8,
            2,
            11.5
          ],
          "texture": "#4"
        },
        "west": {
          "uv": [
            2,
            8,
            3,
            11.5
          ],
          "texture": "#4"
        },
        "up": {
          "uv": [
            10,
            9,
            9,
            8
          ],
          "texture": "#4"
        },
        "down": {
          "uv": [
            10,
            9,
            9,
            10
          ],
          "texture": "#4"
        }
      }
    },
    {
      "from": [
        14,
        -1,
        14
      ],
      "to": [
        15,
        3,
        14
      ],
      "rotation": {
        "angle": 0,
        "axis": "y",
        "origin": [
          13,
          1,
          12
        ]
      },
      "faces": {
        "north": {
          "uv": [
            9,
            11,
            9.5,
            13
          ],
          "texture": "#4"
        },
        "east": {
          "uv": [
            0,
            0,
            0,
            2
          ],
          "texture": "#4"
        },
        "south": {
          "uv": [
            11,
            9,
            11.5,
            11
          ],
          "texture": "#4"
        },
        "west": {
          "uv": [
            0,
            0,
            0,
            2
          ],
          "texture": "#4"
        },
        "up": {
          "uv": [
            0.5,
            0,
            0,
            0
          ],
          "texture": "#4"
        },
        "down": {
          "uv": [
            0.5,
            0,
            0,
            0
          ],
          "texture": "#4"
        }
      }
    },
    {
      "from": [
        13,
        0,
        14
      ],
      "to": [
        14,
        3,
        14
      ],
      "rotation": {
        "angle": 0,
        "axis": "y",
        "origin": [
          12,
          1,
          12
        ]
      },
      "faces": {
        "north": {
          "uv": [
            10.5,
            11,
            11,
            12.5
          ],
          "texture": "#4"
        },
        "east": {
          "uv": [
            0,
            0,
            0,
            1.5
          ],
          "texture": "#4"
        },
        "south": {
          "uv": [
            11,
            11,
            11.5,
            12.5
          ],
          "texture": "#4"
        },
        "west": {
          "uv": [
            0,
            0,
            0,
            1.5
          ],
          "texture": "#4"
        },
        "up": {
          "uv": [
            0.5,
            0,
            0,
            0
          ],
          "texture": "#4"
        },
        "down": {
          "uv": [
            0.5,
            0,
            0,
            0
          ],
          "texture": "#4"
        }
      }
    },
    {
      "from": [
        11,
        0,
        14
      ],
      "to": [
        12,
        3,
        14
      ],
      "rotation": {
        "angle": 0,
        "axis": "y",
        "origin": [
          10,
          1,
          12
        ]
      },
      "faces": {
        "north": {
          "uv": [
            0,
            11.5,
            0.5,
            13
          ],
          "texture": "#4"
        },
        "east": {
          "uv": [
            0,
            0,
            0,
            1.5
          ],
          "texture": "#4"
        },
        "south": {
          "uv": [
            0.5,
            11.5,
            1,
            13
          ],
          "texture": "#4"
        },
        "west": {
          "uv": [
            0,
            0,
            0,
            1.5
          ],
          "texture": "#4"
        },
        "up": {
          "uv": [
            0.5,
            0,
            0,
            0
          ],
          "texture": "#4"
        },
        "down": {
          "uv": [
            0.5,
            0,
            0,
            0
          ],
          "texture": "#4"
        }
      }
    },
    {
      "from": [
        10,
        1,
        14
      ],
      "to": [
        11,
        3,
        14
      ],
      "rotation": {
        "angle": 0,
        "axis": "y",
        "origin": [
          9,
          1,
          12
        ]
      },
      "faces": {
        "north": {
          "uv": [
            3,
            11.5,
            3.5,
            12.5
          ],
          "texture": "#4"
        },
        "east": {
          "uv": [
            0,
            0,
            0,
            1
          ],
          "texture": "#4"
        },
        "south": {
          "uv": [
            3.5,
            11.5,
            4,
            12.5
          ],
          "texture": "#4"
        },
        "west": {
          "uv": [
            0,
            0,
            0,
            1
          ],
          "texture": "#4"
        },
        "up": {
          "uv": [
            0.5,
            0,
            0,
            0
          ],
          "texture": "#4"
        },
        "down": {
          "uv": [
            0.5,
            0,
            0,
            0
          ],
          "texture": "#4"
        }
      }
    },
    {
      "from": [
        4,
        0,
        14
      ],
      "to": [
        5,
        3,
        14
      ],
      "rotation": {
        "angle": 0,
        "axis": "y",
        "origin": [
          3,
          1,
          12
        ]
      },
      "faces": {
        "north": {
          "uv": [
            1,
            11.5,
            1.5,
            13
          ],
          "texture": "#4"
        },
        "east": {
          "uv": [
            0,
            0,
            0,
            1.5
          ],
          "texture": "#4"
        },
        "south": {
          "uv": [
            1.5,
            11.5,
            2,
            13
          ],
          "texture": "#4"
        },
        "west": {
          "uv": [
            0,
            0,
            0,
            1.5
          ],
          "texture": "#4"
        },
        "up": {
          "uv": [
            0.5,
            0,
            0,
            0
          ],
          "texture": "#4"
        },
        "down": {
          "uv": [
            0.5,
            0,
            0,
            0
          ],
          "texture": "#4"
        }
      }
    },
    {
      "from": [
        5,
        1,
        14
      ],
      "to": [
        6,
        3,
        14
      ],
      "rotation": {
        "angle": 0,
        "axis": "y",
        "origin": [
          4,
          1,
          12
        ]
      },
      "faces": {
        "north": {
          "uv": [
            4,
            11.5,
            4.5,
            12.5
          ],
          "texture": "#4"
        },
        "east": {
          "uv": [
            0,
            0,
            0,
            1
          ],
          "texture": "#4"
        },
        "south": {
          "uv": [
            4.5,
            11.5,
            5,
            12.5
          ],
          "texture": "#4"
        },
        "west": {
          "uv": [
            0,
            0,
            0,
            1
          ],
          "texture": "#4"
        },
        "up": {
          "uv": [
            0.5,
            0,
            0,
            0
          ],
          "texture": "#4"
        },
        "down": {
          "uv": [
            0.5,
            0,
            0,
            0
          ],
          "texture": "#4"
        }
      }
    },
    {
      "from": [
        1,
        -1,
        14
      ],
      "to": [
        2,
        3,
        14
      ],
      "rotation": {
        "angle": 0,
        "axis": "y",
        "origin": [
          0,
          1,
          12
        ]
      },
      "faces": {
        "north": {
          "uv": [
            9.5,
            11,
            10,
            13
          ],
          "texture": "#4"
        },
        "east": {
          "uv": [
            0,
            0,
            0,
            2
          ],
          "texture": "#4"
        },
        "south": {
          "uv": [
            10,
            11,
            10.5,
            13
          ],
          "texture": "#4"
        },
        "west": {
          "uv": [
            0,
            0,
            0,
            2
          ],
          "texture": "#4"
        },
        "up": {
          "uv": [
            0.5,
            0,
            0,
            0
          ],
          "texture": "#4"
        },
        "down": {
          "uv": [
            0.5,
            0,
            0,
            0
          ],
          "texture": "#4"
        }
      }
    },
    {
      "from": [
        2,
        0,
        14
      ],
      "to": [
        3,
        3,
        14
      ],
      "rotation": {
        "angle": 0,
        "axis": "y",
        "origin": [
          1,
          1,
          12
        ]
      },
      "faces": {
        "north": {
          "uv": [
            2,
            11.5,
            2.5,
            13
          ],
          "texture": "#4"
        },
        "east": {
          "uv": [
            0,
            0,
            0,
            1.5
          ],
          "texture": "#4"
        },
        "south": {
          "uv": [
            2.5,
            11.5,
            3,
            13
          ],
          "texture": "#4"
        },
        "west": {
          "uv": [
            0,
            0,
            0,
            1.5
          ],
          "texture": "#4"
        },
        "up": {
          "uv": [
            0.5,
            0,
            0,
            0
          ],
          "texture": "#4"
        },
        "down": {
          "uv": [
            0.5,
            0,
            0,
            0
          ],
          "texture": "#4"
        }
      }
    }
  ],
  "gui_light": "front",
  "display": {
    "thirdperson_righthand": {
      "translation": [
        0,
        1.5,
        -1.5
      ],
      "scale": [
        0.3,
        0.3,
        0.3
      ]
    },
    "thirdperson_lefthand": {
      "translation": [
        0,
        1.5,
        -1.5
      ],
      "scale": [
        0.3,
        0.3,
        0.3
      ]
    },
    "firstperson_righthand": {
      "translation": [
        -0.25,
        3.75,
        1.5
      ],
      "scale": [
        0.3,
        0.3,
        0.3
      ]
    },
    "firstperson_lefthand": {
      "translation": [
        -0.25,
        3.75,
        1.5
      ],
      "scale": [
        0.3,
        0.3,
        0.3
      ]
    },
    "ground": {
      "scale": [
        0.3,
        0.3,
        0.3
      ]
    },
    "gui": {
      "translation": [
        0,
        1.5,
        0
      ]
    },
    "head": {
      "translation": [
        0,
        0,
        -13.5
      ]
    },
    "fixed": {
      "translation": [
        0,
        0,
        -6.25
      ]
    }
  },
  "groups": [
    {
      "name": "group",
      "origin": [
        8,
        8,
        8
      ],
      "color": 0,
      "children": [
        0,
        1,
        2,
        3,
        4
      ]
    },
    {
      "name": "group",
      "origin": [
        8,
        8,
        8
      ],
      "color": 0,
      "children": [
        5,
        6
      ]
    },
    {
      "name": "group",
      "origin": [
        8,
        8,
        8
      ],
      "color": 0,
      "children": [
        7,
        8
      ]
    },
    {
      "name": "group",
      "origin": [
        8,
        8,
        8
      ],
      "color": 0,
      "children": [
        9,
        10
      ]
    },
    {
      "name": "group",
      "origin": [
        8,
        8,
        8
      ],
      "color": 0,
      "children": [
        11,
        12
      ]
    }
  ]
}